"ID","Name","Form","color"
"#0001","Bulbasaur"," ","#B26A8A"
"#0002","Ivysaur"," ","#D57B8E"
"#0003","Venusaur"," ","#519179"
"#0004","Charmander"," ","#755F92"
"#0005","Charmeleon"," ","#CC7664"
"#0006","Charizard"," ","#228195"
"#0007","Squirtle"," ","#6FAFC4"
"#0008","Wartortle"," ","#D7C7AD"
"#0009","Blastoise"," ","#8E7A6A"
"#0010","Caterpie"," ","#D9BA7D"
"#0011","Metapod"," ","#ACCD6D"
"#0012","Butterfree"," ","#757C95"
"#0013","Weedle"," ","#B68D65"
"#0014","Kakuna"," ","#2B2D2D"
"#0015","Beedrill"," ","#CAA666"
"#0016","Pidgey"," ","#C4AB6B"
"#0017","Pidgeotto"," ","#CDBC90"
"#0018","Pidgeot"," ","#B08C9A"
"#0019","Rattata"," ","#D0BEAA"
"#0020","Raticate"," ","#A28098"
"#0021","Spearow"," ","#B96473"
"#0022","Fearow"," ","#BF9DA8"
"#0023","Ekans"," ","#9F77A2"
"#0024","Arbok"," ","#8C859A"
"#0025","Pikachu"," ","#8C6476"
"#0026","Raichu"," ","#CBAD68"
"#0027","Sandshrew"," ","#3C5776"
"#0028","Sandslash"," ","#939BAD"
"#0029","Nidoran","Female","#A9B4D5"
"#0030","Nidorina"," ","#A55142"
"#0031","Nidoqueen"," ","#6D85AA"
"#0032","Nidoran","Male","#63292E"
"#0033","Nidorino"," ","#678787"
"#0034","Nidoking"," ","#9E7B9C"
"#0035","Clefairy"," ","#656153"
"#0036","Clefable"," ","#BF939F"
"#0037","Vulpix"," ","#C38263"
"#0038","Ninetales"," ","#E8DDA2"
"#0039","Jigglypuff"," ","#DFB1BB"
"#0040","Wigglytuff"," ","#CEA9B3"
"#0041","Zubat"," ","#996A98"
"#0042","Golbat"," ","#9C6C9E"
"#0043","Oddish"," ","#63A653"
"#0044","Gloom"," ","#B06A56"
"#0045","Vileplume"," ","#568992"
"#0046","Paras"," ","#C481A4"
"#0047","Parasect"," ","#D19046"
"#0048","Venonat"," ","#836EAB"
"#0049","Venomoth"," ","#989FB9"
"#0050","Diglett"," ","#91919D"
"#0051","Dugtrio"," ","#8E8C97"
"#0052","Meowth"," ","#BAA785"
"#0053","Persian"," ","#D7C5A5"
"#0054","Psyduck"," ","#DEBD89"
"#0055","Golduck"," ","#DDD0AE"
"#0056","Mankey"," ","#C0A4AF"
"#0057","Primeape"," ","#877F8F"
"#0058","Growlithe"," ","#434A53"
"#0059","Arcanine"," ","#3A454E"
"#0060","Poliwag"," ","#7FA1BB"
"#0061","Poliwhirl"," ","#A3A4B7"
"#0062","Poliwrath"," ","#373236"
"#0063","Abra"," ","#D3BB5B"
"#0064","Kadabra"," ","#1F1E2F"
"#0065","Alakazam"," ","#5F4C59"
"#0066","Machop"," ","#B4A496"
"#0067","Machoke"," ","#9499AE"
"#0068","Machamp"," ","#909AAA"
"#0069","Bellsprout"," ","#D3C27E"
"#0070","Weepinbell"," ","#7CBF81"
"#0071","Victreebel"," ","#D1C474"
"#0072","Tentacool"," ","#7BC2A3"
"#0073","Tentacruel"," ","#978F86"
"#0074","Geodude"," ","#ACA89E"
"#0075","Graveler"," ","#6E777E"
"#0076","Golem"," ","#947F8F"
"#0077","Ponyta"," ","#702534"
"#0078","Rapidash"," ","#824A42"
"#0079","Slowpoke"," ","#C4B8A3"
"#0080","Slowbro"," ","#D09FAA"
"#0081","Magnemite"," ","#A29A8F"
"#0082","Magneton"," ","#828DAF"
"#0083","Farfetch'd"," ","#B39E82"
"#0084","Doduo"," ","#716D77"
"#0085","Dodrio"," ","#725A66"
"#0086","Seel"," ","#938FA0"
"#0087","Dewgong"," ","#9998A5"
"#0088","Grimer"," ","#342E2E"
"#0089","Muk"," ","#2F2C2B"
"#0090","Shellder"," ","#9B8AB0"
"#0091","Cloyster"," ","#544B52"
"#0092","Gastly"," ","#393737"
"#0093","Haunter"," ","#776E82"
"#0094","Gengar"," ","#E49C95"
"#0095","Onix"," ","#716E7A"
"#0096","Drowzee"," ","#69635F"
"#0097","Hypno"," ","#DAC15A"
"#0098","Krabby"," ","#CA8E73"
"#0099","Kingler"," ","#AA9EA3"
"#0100","Voltorb"," ","#E39E99"
"#0101","Electrode"," ","#AF7C86"
"#0102","Exeggcute"," ","#A58983"
"#0103","Exeggutor"," ","#B7AD97"
"#0104","Cubone"," ","#B7AB86"
"#0105","Marowak"," ","#AEACB7"
"#0106","Hitmonlee"," ","#B9A79C"
"#0107","Hitmonchan"," ","#A09AAD"
"#0108","Lickitung"," ","#D5A4AD"
"#0109","Koffing"," ","#A7A382"
"#0110","Weezing"," ","#B9B39F"
"#0111","Rhyhorn"," ","#514D5B"
"#0112","Rhydon"," ","#C7B6A2"
"#0113","Chansey"," ","#8A6C74"
"#0114","Tangela"," ","#6584A4"
"#0115","Kangaskhan"," ","#9A7E8F"
"#0116","Horsea"," ","#DED1A5"
"#0117","Seadra"," ","#80BED9"
"#0118","Goldeen"," ","#B5A5B9"
"#0119","Seaking"," ","#C58064"
"#0120","Staryu"," ","#A48B5C"
"#0121","Starmie"," ","#BD9F71"
"#0122","Mr. Mime"," ","#CD8292"
"#0123","Scyther"," ","#7FB47E"
"#0124","Jynx"," ","#907498"
"#0125","Electabuzz"," ","#CEB36B"
"#0126","Magmar"," ","#49326C"
"#0127","Pinsir"," ","#A79DA6"
"#0128","Tauros"," ","#A68565"
"#0129","Magikarp"," ","#D2865E"
"#0130","Gyarados"," ","#5076AA"
"#0131","Lapras"," ","#5FC7C9"
"#0132","Ditto"," ","#C1AECD"
"#0133","Eevee"," ","#BF9960"
"#0134","Vaporeon"," ","#6DA7BF"
"#0135","Jolteon"," ","#78859E"
"#0136","Flareon"," ","#CF713C"
"#0137","Porygon"," ","#BF555E"
"#0138","Omanyte"," ","#C7C0A2"
"#0139","Omastar"," ","#669EB6"
"#0140","Kabuto"," ","#8C5D9E"
"#0141","Kabutops"," ","#937053"
"#0142","Aerodactyl"," ","#BF9F9B"
"#0143","Snorlax"," ","#C3B5A8"
"#0144","Articuno"," ","#5E98C1"
"#0145","Zapdos"," ","#D9BB6F"
"#0146","Moltres"," ","#81564E"
"#0147","Dratini"," ","#949CC5"
"#0148","Dragonair"," ","#779DC9"
"#0149","Dragonite"," ","#219891"
"#0150","Mewtwo"," ","#AFAAB5"
"#0151","Mew"," ","#D8AFBF"
"#0152","Chikorita"," ","#B3C78B"
"#0153","Bayleef"," ","#9FB173"
"#0154","Meganium"," ","#AFBB78"
"#0155","Cyndaquil"," ","#386D77"
"#0156","Quilava"," ","#49707B"
"#0157","Typhlosion"," ","#444B62"
"#0158","Totodile"," ","#CCA889"
"#0159","Croconaw"," ","#D9C483"
"#0160","Feraligatr"," ","#6EA2C2"
"#0161","Sentret"," ","#9D7D69"
"#0162","Furret"," ","#BFA385"
"#0163","Hoothoot"," ","#AB917C"
"#0164","Noctowl"," ","#C7BB90"
"#0165","Ledyba"," ","#BDA87B"
"#0166","Ledian"," ","#AC4176"
"#0167","Spinarak"," ","#B99664"
"#0168","Ariados"," ","#AF5C8F"
"#0169","Crobat"," ","#7F6593"
"#0170","Chinchou"," ","#D5C578"
"#0171","Lanturn"," ","#7B84B2"
"#0172","Pichu"," ","#043451"
"#0173","Cleffa"," ","#7D6245"
"#0174","Igglybuff"," ","#C49A9F"
"#0175","Togepi"," ","#E6D8AE"
"#0176","Togetic"," ","#B2B69B"
"#0177","Natu"," ","#B04B63"
"#0178","Xatu"," ","#A95069"
"#0179","Mareep"," ","#4F7489"
"#0180","Flaaffy"," ","#9DAAA3"
"#0181","Ampharos"," ","#D6DD4A"
"#0182","Bellossom"," ","#76A76D"
"#0183","Marill"," ","#A35943"
"#0184","Azumarill"," ","#487DC1"
"#0185","Sudowoodo"," ","#6FA351"
"#0186","Politoed"," ","#E0D576"
"#0187","Hoppip"," ","#DC899F"
"#0188","Skiploom"," ","#EADC7C"
"#0189","Jumpluff"," ","#A79781"
"#0190","Aipom"," ","#DBCC9C"
"#0191","Sunkern"," ","#BFCD62"
"#0192","Sunflora"," ","#EDDA80"
"#0193","Yanma"," ","#625D72"
"#0194","Wooper"," ","#B18C9B"
"#0195","Quagsire"," ","#B47973"
"#0196","Espeon"," ","#4A5C77"
"#0197","Umbreon"," ","#D7BA6F"
"#0198","Murkrow"," ","#274560"
"#0199","Slowking"," ","#D4A493"
"#0200","Misdreavus"," ","#B76C78"
"#0201","Unown"," ","#3D5565"
"#0202","Wobbuffet"," ","#668BBC"
"#0203","Girafarig"," ","#A96F80"
"#0204","Pineco"," ","#283D53"
"#0205","Forretress"," ","#AA99A1"
"#0206","Dunsparce"," ","#559AA1"
"#0207","Gligar"," ","#CC958F"
"#0208","Steelix"," ","#5B5A78"
"#0209","Snubbull"," ","#8A8B73"
"#0210","Granbull"," ","#C8A5BC"
"#0211","Qwilfish"," ","#C1C991"
"#0212","Scizor"," ","#AC544C"
"#0213","Shuckle"," ","#B24C44"
"#0214","Heracross"," ","#C5A57B"
"#0215","Sneasel"," ","#449288"
"#0216","Teddiursa"," ","#D1D491"
"#0217","Ursaring"," ","#C5D284"
"#0218","Slugma"," ","#F2E88F"
"#0219","Magcargo"," ","#CD6B51"
"#0220","Swinub"," ","#D27E81"
"#0221","Piloswine"," ","#D57F81"
"#0222","Corsola"," ","#8EAEA4"
"#0223","Remoraid"," ","#688886"
"#0224","Octillery"," ","#D7BF4A"
"#0225","Delibird"," ","#B85D40"
"#0226","Mantine"," ","#A38EAB"
"#0227","Skarmory"," ","#A04146"
"#0228","Houndour"," ","#5C524B"
"#0229","Houndoom"," ","#5B4E54"
"#0230","Kingdra"," ","#C6BD7E"
"#0231","Phanpy"," ","#8BC2C5"
"#0232","Donphan"," ","#7A8595"
"#0233","Porygon2"," ","#D15D71"
"#0234","Stantler"," ","#523F52"
"#0235","Smeargle"," ","#BAB093"
"#0236","Tyrogue"," ","#C5AFBF"
"#0237","Hitmontop"," ","#5B84B1"
"#0238","Smoochum"," ","#E0D691"
"#0239","Elekid"," ","#D2BE76"
"#0240","Magby"," ","#D87274"
"#0241","Miltank"," ","#D2C89D"
"#0242","Blissey"," ","#E5A6BC"
"#0243","Raikou"," ","#AD94B2"
"#0244","Entei"," ","#91663B"
"#0245","Suicune"," ","#96729A"
"#0246","Larvitar"," ","#919E75"
"#0247","Pupitar"," ","#9BA5BF"
"#0248","Tyranitar"," ","#7B7C97"
"#0249","Lugia"," ","#655A65"
"#0250","Ho-oh"," ","#74AA6E"
"#0251","Celebi"," ","#BDC8A4"
"#0252","Treecko"," ","#E2868E"
"#0253","Grovyle"," ","#E58B8E"
"#0254","Sceptile"," ","#7EB082"
"#0255","Torchic"," ","#EEB659"
"#0256","Combusken"," ","#EEDA9C"
"#0257","Blaziken"," ","#DDC990"
"#0258","Mudkip"," ","#E39A4A"
"#0259","Marshtomp"," ","#EBA685"
"#0260","Swampert"," ","#738BA6"
"#0261","Poochyena"," ","#838587"
"#0262","Mightyena"," ","#97979C"
"#0263","Zigzagoon"," ","#AC9F92"
"#0264","Linoone"," ","#B2A398"
"#0265","Wurmple"," ","#D76C77"
"#0266","Silcoon"," ","#C86871"
"#0267","Beautifly"," ","#997E75"
"#0268","Cascoon"," ","#C0ACC4"
"#0269","Dustox"," ","#B989B1"
"#0270","Lotad"," ","#70AA7C"
"#0271","Lombre"," ","#A7CFD0"
"#0272","Ludicolo"," ","#C6CD8C"
"#0273","Seedot"," ","#8D898B"
"#0274","Nuzleaf"," ","#7CB29B"
"#0275","Shiftry"," ","#A47D5F"
"#0276","Taillow"," ","#4B5A6C"
"#0277","Swellow"," ","#B86277"
"#0278","Wingull"," ","#947D72"
"#0279","Pelipper"," ","#83A7CA"
"#0280","Ralts"," ","#C289AD"
"#0281","Kirlia"," ","#90BC88"
"#0282","Gardevoir"," ","#656464"
"#0283","Surskit"," ","#F1D88C"
"#0284","Masquerain"," ","#9B94C0"
"#0285","Shroomish"," ","#DCCBB7"
"#0286","Breloom"," ","#A9B790"
"#0287","Slakoth"," ","#877D8E"
"#0288","Vigoroth"," ","#8B7975"
"#0289","Slaking"," ","#B69BB5"
"#0290","Nincada"," ","#828489"
"#0291","Ninjask"," ","#9E678D"
"#0292","Shedinja"," ","#6D6D8D"
"#0293","Whismur"," ","#CAA9C3"
"#0294","Loudred"," ","#B9A283"
"#0295","Exploud"," ","#998EBC"
"#0296","Makuhita"," ","#767489"
"#0297","Hariyama"," ","#4F5477"
"#0298","Azurill"," ","#5AA3D6"
"#0299","Nosepass"," ","#6A76A4"
"#0300","Skitty"," ","#C57F9B"
"#0301","Delcatty"," ","#D7BF97"
"#0302","Sableye"," ","#7B5F9E"
"#0303","Mawile"," ","#866E7F"
"#0304","Aron"," ","#828282"
"#0305","Lairon"," ","#7A7A79"
"#0306","Aggron"," ","#747474"
"#0307","Meditite"," ","#787777"
"#0308","Medicham"," ","#C9B899"
"#0309","Electrike"," ","#E4C97F"
"#0310","Manectric"," ","#71A1B9"
"#0311","Plusle"," ","#F0E5B8"
"#0312","Minun"," ","#F3E8BA"
"#0313","Volbeat"," ","#9A99C4"
"#0314","Illumise"," ","#9893C4"
"#0315","Roselia"," ","#D0848A"
"#0316","Gulpin"," ","#96BE94"
"#0317","Swalot"," ","#9786B2"
"#0318","Carvanha"," ","#D5BB7E"
"#0319","Sharpedo"," ","#93566C"
"#0320","Wailmer"," ","#F9E4B7"
"#0321","Wailord"," ","#347FA9"
"#0322","Numel"," ","#F1D696"
"#0323","Camerupt"," ","#7A9ABE"
"#0324","Torkoal"," ","#997C92"
"#0325","Spoink"," ","#A2A1A1"
"#0326","Grumpig"," ","#BFA3BA"
"#0327","Spinda"," ","#D6787F"
"#0328","Trapinch"," ","#ACB0B6"
"#0329","Vibrava"," ","#638970"
"#0330","Flygon"," ","#CB717A"
"#0331","Cacnea"," ","#A5B686"
"#0332","Cacturne"," ","#5E8B65"
"#0333","Swablu"," ","#A1C3E1"
"#0334","Altaria"," ","#69B8D5"
"#0335","Zangoose"," ","#C25B6D"
"#0336","Seviper"," ","#57667C"
"#0337","Lunatone"," ","#BD7986"
"#0338","Solrock"," ","#DFC77E"
"#0339","Barboach"," ","#93BBC5"
"#0340","Whiscash"," ","#4E6B9B"
"#0341","Corphish"," ","#C6BAA8"
"#0342","Crawdaunt"," ","#5D59AD"
"#0343","Baltoy"," ","#A35A5E"
"#0344","Claydol"," ","#555352"
"#0345","Lileep"," ","#DFB8A7"
"#0346","Cradily"," ","#AACA95"
"#0347","Anorith"," ","#898D82"
"#0348","Armaldo"," ","#7A87B9"
"#0349","Feebas"," ","#8295B9"
"#0350","Milotic"," ","#D2717A"
"#0351","Castform"," ","#505050"
"#0351","Castform","Sunny Form","#505050"
"#0351","Castform","Rainy Form","#505050"
"#0351","Castform","Snowy Form","#505050"
"#0352","Kecleon"," ","#86BF78"
"#0353","Shuppet"," ","#94EADB"
"#0354","Banette"," ","#8F8786"
"#0355","Duskull"," ","#D87D8B"
"#0356","Dusclops"," ","#A5A19F"
"#0357","Tropius"," ","#659C6A"
"#0358","Chimecho"," ","#BB96D2"
"#0359","Absol"," ","#6E7B9B"
"#0360","Wynaut"," ","#81B9CA"
"#0361","Snorunt"," ","#776361"
"#0362","Glalie"," ","#555454"
"#0363","Spheal"," ","#7A98CA"
"#0364","Sealeo"," ","#60B1D9"
"#0365","Walrein"," ","#5BA6BC"
"#0366","Clamperl"," ","#82B2C8"
"#0367","Huntail"," ","#889ED4"
"#0368","Gorebyss"," ","#E9B1C5"
"#0369","Relicanth"," ","#675B61"
"#0370","Luvdisc"," ","#E6939A"
"#0371","Bagon"," ","#87B1C6"
"#0372","Shelgon"," ","#868282"
"#0373","Salamence"," ","#A7525E"
"#0374","Beldum"," ","#78A0B8"
"#0375","Metang"," ","#557C8E"
"#0376","Metagross"," ","#999999"
"#0377","Regirock"," ","#C0A293"
"#0378","Regice"," ","#81AEC3"
"#0379","Registeel"," ","#696767"
"#0380","Latias"," ","#CE7D76"
"#0381","Latios"," ","#AEABAA"
"#0382","Kyogre"," ","#1979B0"
"#0383","Groudon"," ","#7F7C98"
"#0384","Rayquaza"," ","#9C5E67"
"#0385","Jirachi"," ","#61ABB9"
"#0386","Deoxys","Normal Forme","#CE875E"
"#0386","Deoxys","Attack Forme","#CE875E"
"#0386","Deoxys","Defense Forme","#CE875E"
"#0386","Deoxys","Speed Forme","#CE875E"
"#0387","Turtwig"," ","#BDBE76"
"#0388","Grotle"," ","#478055"
"#0389","Torterra"," ","#937D60"
"#0390","Chimchar"," ","#D66F79"
"#0391","Monferno"," ","#27749C"
"#0392","Infernape"," ","#516A83"
"#0393","Piplup"," ","#639ABD"
"#0394","Prinplup"," ","#558198"
"#0395","Empoleon"," ","#B18F55"
"#0396","Starly"," ","#6E5E56"
"#0397","Staravia"," ","#8E8E98"
"#0398","Staraptor"," ","#5B5154"
"#0399","Bidoof"," ","#997244"
"#0400","Bibarel"," ","#8A6846"
"#0401","Kricketot"," ","#4F4E52"
"#0402","Kricketune"," ","#3E3E40"
"#0403","Shinx"," ","#96744A"
"#0404","Luxio"," ","#60544A"
"#0405","Luxray"," ","#606A7D"
"#0406","Budew"," ","#4B7F3E"
"#0407","Roserade"," ","#73AA79"
"#0408","Cranidos"," ","#AA9A93"
"#0409","Rampardos"," ","#6B6867"
"#0410","Shieldon"," ","#74706E"
"#0411","Bastiodon"," ","#717075"
"#0412","Burmy","Plant Cloak","#7B786A"
"#0412","Burmy","Sandy Cloak","#7B786A"
"#0412","Burmy","Trash Cloak","#7B786A"
"#0413","Wormadam","Plant Cloak","#398A66"
"#0413","Wormadam","Sandy Cloak","#398A66"
"#0413","Wormadam","Trash Cloak","#398A66"
"#0414","Mothim"," ","#DAD26C"
"#0415","Combee"," ","#DAC136"
"#0416","Vespiquen"," ","#C6BC41"
"#0417","Pachirisu"," ","#AF9662"
"#0418","Buizel"," ","#CE945A"
"#0419","Floatzel"," ","#D4A860"
"#0420","Cherubi"," ","#3D9D43"
"#0421","Cherrim"," ","#3AA13D"
"#0422","Shellos"," ","#D286A7"
"#0423","Gastrodon"," ","#D993B0"
"#0424","Ambipom"," ","#CCA47D"
"#0425","Drifloon"," ","#D8BC54"
"#0426","Drifblim"," ","#927D9B"
"#0427","Buneary"," ","#C3A274"
"#0428","Lopunny"," ","#9A6949"
"#0429","Mismagius"," ","#BB7965"
"#0430","Honchkrow"," ","#212F68"
"#0431","Glameow"," ","#BF778A"
"#0432","Purugly"," ","#82809A"
"#0433","Chingling"," ","#D69C4C"
"#0434","Stunky"," ","#5D4363"
"#0435","Skuntank"," ","#604668"
"#0436","Bronzor"," ","#DBB76C"
"#0437","Bronzong"," ","#629A97"
"#0438","Bonsly"," ","#AD9164"
"#0439","Mime Jr."," ","#6B948B"
"#0440","Happiny"," ","#BBA8A4"
"#0441","Chatot"," ","#685D59"
"#0442","Spiritomb"," ","#AB8E6B"
"#0443","Gible"," ","#AF6555"
"#0444","Gabite"," ","#C26D50"
"#0445","Garchomp"," ","#C8784A"
"#0446","Munchlax"," ","#5B7C91"
"#0447","Riolu"," ","#608296"
"#0448","Lucario"," ","#746F69"
"#0449","Hippopotas"," ","#C8B76C"
"#0450","Hippowdon"," ","#B6B86D"
"#0451","Skorupi"," ","#B4AEAA"
"#0452","Drapion"," ","#88598D"
"#0453","Croagunk"," ","#6C6055"
"#0454","Toxicroak"," ","#996757"
"#0455","Carnivine"," ","#91B167"
"#0456","Finneon"," ","#729496"
"#0457","Lumineon"," ","#37464F"
"#0458","Mantyke"," ","#A0C6D0"
"#0459","Snover"," ","#699290"
"#0460","Abomasnow"," ","#63887E"
"#0461","Weavile"," ","#8B5B98"
"#0462","Magnezone"," ","#63768B"
"#0463","Lickilicky"," ","#C57785"
"#0464","Rhyperior"," ","#99695C"
"#0465","Tangrowth"," ","#698E9F"
"#0466","Electivire"," ","#BCC16F"
"#0467","Magmortar"," ","#B56046"
"#0468","Togekiss"," ","#418FC0"
"#0469","Yanmega"," ","#4C693D"
"#0470","Leafeon"," ","#89C194"
"#0471","Glaceon"," ","#388491"
"#0472","Gliscor"," ","#6D5853"
"#0473","Mamoswine"," ","#72A1B1"
"#0474","Porygon-Z"," ","#57B2B8"
"#0475","Gallade"," ","#3E8972"
"#0476","Probopass"," ","#8E6259"
"#0477","Dusknoir"," ","#696153"
"#0478","Froslass"," ","#BA9D88"
"#0479","Rotom"," ","#DD8857"
"#0479","Rotom","Heat Rotom","#DD8857"
"#0479","Rotom","Wash Rotom","#DD8857"
"#0479","Rotom","Frost Rotom","#DD8857"
"#0479","Rotom","Fan Rotom","#DD8857"
"#0479","Rotom","Mow Rotom","#DD8857"
"#0480","Uxie"," ","#99AABD"
"#0481","Mesprit"," ","#A5C5D4"
"#0482","Azelf"," ","#B97853"
"#0483","Dialga"," ","#586580"
"#0484","Palkia"," ","#A09997"
"#0485","Heatran"," ","#54555B"
"#0486","Regigigas"," ","#5E7185"
"#0487","Giratina","Altered Forme","#5F5C68"
"#0487","Giratina","Origin Forme","#5F5C68"
"#0488","Cresselia"," ","#AF6C5A"
"#0489","Phione"," ","#906659"
"#0490","Manaphy"," ","#66B1C5"
"#0491","Darkrai"," ","#7A635E"
"#0492","Shaymin","Land Forme","#99B75B"
"#0492","Shaymin","Sky Forme","#99B75B"
"#0493","Arceus"," ","#7F808E"
"#0494","Victini"," ","#D9B77F"
"#0495","Snivy"," ","#A7BF6F"
"#0496","Servine"," ","#BEB17D"
"#0497","Serperior"," ","#C7A94B"
"#0498","Tepig"," ","#644853"
"#0499","Pignite"," ","#AE6F4F"
"#0500","Emboar"," ","#453F45"
"#0501","Oshawott"," ","#6796AE"
"#0502","Dewott"," ","#7292AD"
"#0503","Samurott"," ","#49729B"
"#0504","Patrat"," ","#B59A74"
"#0505","Watchog"," ","#D9BF66"
"#0506","Lillipup"," ","#B88263"
"#0507","Herdier"," ","#D0A67F"
"#0508","Stoutland"," ","#C2A984"
"#0509","Purrloin"," ","#805D8B"
"#0510","Liepard"," ","#CEAD57"
"#0511","Pansage"," ","#5BAA78"
"#0512","Simisage"," ","#4CA970"
"#0513","Pansear"," ","#D17267"
"#0514","Simisear"," ","#CF8A69"
"#0515","Panpour"," ","#DFC681"
"#0516","Simipour"," ","#56B2CC"
"#0517","Munna"," ","#CD9DA3"
"#0518","Musharna"," ","#BD82A0"
"#0519","Pidove"," ","#A29991"
"#0520","Tranquill"," ","#736B68"
"#0521","Unfezant"," ","#645955"
"#0522","Blitzle"," ","#735D72"
"#0523","Zebstrika"," ","#73769D"
"#0524","Roggenrola"," ","#34415E"
"#0525","Boldore"," ","#363E5B"
"#0526","Gigalith"," ","#3D3D58"
"#0527","Woobat"," ","#504845"
"#0528","Swoobat"," ","#7583AD"
"#0529","Drilbur"," ","#5F5C6F"
"#0530","Excadrill"," ","#898790"
"#0531","Audino"," ","#E4D0AE"
"#0532","Timburr"," ","#A69374"
"#0533","Gurdurr"," ","#B7AD99"
"#0534","Conkeldurr"," ","#948777"
"#0535","Tympole"," ","#6282A0"
"#0536","Palpitoad"," ","#9C8C82"
"#0537","Seismitoad"," ","#534C4B"
"#0538","Throh"," ","#94796F"
"#0539","Sawk"," ","#2D2A2D"
"#0540","Sewaddle"," ","#D1AB6D"
"#0541","Swadloon"," ","#3D7E3F"
"#0542","Leavanny"," ","#6F9F41"
"#0543","Venipede"," ","#A7516D"
"#0544","Whirlipede"," ","#8C8093"
"#0545","Scolipede"," ","#444942"
"#0546","Cottonee"," ","#ACAF98"
"#0547","Whimsicott"," ","#B1A383"
"#0548","Petilil"," ","#A4968D"
"#0549","Lilligant"," ","#C39258"
"#0550","Basculin","Red-Striped Form","#A39480"
"#0550","Basculin","Blue-Striped Form","#A39480"
"#0551","Sandile"," ","#6B545F"
"#0552","Krokorok"," ","#967D68"
"#0553","Krookodile"," ","#444140"
"#0554","Darumaka"," ","#D9DD67"
"#0555","Darmanitan","Standard Mode","#818082"
"#0555","Darmanitan","Zen Mode","#818082"
"#0556","Maractus"," ","#8BB860"
"#0557","Dwebble"," ","#9D7E6B"
"#0558","Crustle"," ","#8A745E"
"#0559","Scraggy"," ","#DED898"
"#0560","Scrafty"," ","#BA755A"
"#0561","Sigilyph"," ","#997860"
"#0562","Yamask"," ","#796762"
"#0563","Cofagrigus"," ","#687C6F"
"#0564","Tirtouga"," ","#5E647F"
"#0565","Carracosta"," ","#382E29"
"#0566","Archen"," ","#DC9B72"
"#0567","Archeops"," ","#C99469"
"#0568","Trubbish"," ","#617C67"
"#0569","Garbodor"," ","#9E907B"
"#0570","Zorua"," ","#596076"
"#0571","Zoroark"," ","#484352"
"#0572","Minccino"," ","#A09790"
"#0573","Cinccino"," ","#6B6461"
"#0574","Gothita"," ","#C09AC4"
"#0575","Gothorita"," ","#888280"
"#0576","Gothitelle"," ","#997D9E"
"#0577","Solosis"," ","#D4D9AE"
"#0578","Duosion"," ","#75A888"
"#0579","Reuniclus"," ","#D8D6A7"
"#0580","Ducklett"," ","#9FCAC7"
"#0581","Swanna"," ","#888073"
"#0582","Vanillite"," ","#B0D9DE"
"#0583","Vanillish"," ","#82A0BB"
"#0584","Vanilluxe"," ","#839DB5"
"#0585","Deerling"," ","#D0939E"
"#0586","Sawsbuck"," ","#846242"
"#0587","Emolga"," ","#594D58"
"#0588","Karrablast"," ","#C39C60"
"#0589","Escavalier"," ","#AA9C90"
"#0590","Foongus"," ","#947E70"
"#0591","Amoonguss"," ","#97977F"
"#0592","Frillish"," ","#8B95CE"
"#0593","Jellicent"," ","#8BB3D6"
"#0594","Alomomola"," ","#C28A95"
"#0595","Joltik"," ","#D8BF60"
"#0596","Galvantula"," ","#E1C473"
"#0597","Ferroseed"," ","#8C8683"
"#0598","Ferrothorn"," ","#6D9D95"
"#0599","Klink"," ","#797671"
"#0600","Klang"," ","#8F94A6"
"#0601","Klinklang"," ","#8B8FA1"
"#0602","Tynamo"," ","#9C8064"
"#0603","Eelektrik"," ","#C49F74"
"#0604","Eelektross"," ","#485A76"
"#0605","Elgyem"," ","#65503B"
"#0606","Beheeyem"," ","#786367"
"#0607","Litwick"," ","#9FB0D2"
"#0608","Lampent"," ","#363333"
"#0609","Chandelure"," ","#3C3837"
"#0610","Axew"," ","#575D5A"
"#0611","Fraxure"," ","#6E6D76"
"#0612","Haxorus"," ","#826B41"
"#0613","Cubchoo"," ","#A1BFDE"
"#0614","Beartic"," ","#A8B5C9"
"#0615","Cryogonal"," ","#363232"
"#0616","Shelmet"," ","#A9A299"
"#0617","Accelgor"," ","#6F8993"
"#0618","Stunfisk"," ","#EFDE71"
"#0619","Mienfoo"," ","#E9E096"
"#0620","Mienshao"," ","#AB9E93"
"#0621","Druddigon"," ","#A83D52"
"#0622","Golett"," ","#5E9495"
"#0623","Golurk"," ","#639191"
"#0624","Pawniard"," ","#80665E"
"#0625","Bisharp"," ","#81547D"
"#0626","Bouffalant"," ","#846F59"
"#0627","Rufflet"," ","#A5937E"
"#0628","Braviary"," ","#915947"
"#0629","Vullaby"," ","#7D7067"
"#0630","Mandibuzz"," ","#8D7D71"
"#0631","Heatmor"," ","#5B3F45"
"#0632","Durant"," ","#878382"
"#0633","Deino"," ","#5D6A95"
"#0634","Zweilous"," ","#575685"
"#0635","Hydreigon"," ","#605854"
"#0636","Larvesta"," ","#A48374"
"#0637","Volcarona"," ","#90ADB1"
"#0638","Cobalion"," ","#4B8DA1"
"#0639","Terrakion"," ","#897A6F"
"#0640","Virizion"," ","#A5B86E"
"#0641","Tornadus","Incarnate Forme","#8FA467"
"#0641","Tornadus","Therian Forme","#8FA467"
"#0642","Thundurus","Incarnate Forme","#635F5D"
"#0642","Thundurus","Therian Forme","#635F5D"
"#0643","Reshiram"," ","#A090AB"
"#0644","Zekrom"," ","#3B4546"
"#0645","Landorus","Incarnate Forme","#96755C"
"#0645","Landorus","Therian Forme","#96755C"
"#0646","Kyurem"," ","#878E96"
"#0646","Kyurem","White Kyurem","#878E96"
"#0646","Kyurem","Black Kyurem","#878E96"
"#0647","Keldeo","Ordinary Form","#DFB476"
"#0647","Keldeo","Resolute Form","#DFB476"
"#0648","Meloetta","Aria Forme","#868EA2"
"#0648","Meloetta","Pirouette Forme","#868EA2"
"#0649","Genesect"," ","#AF7D65"
"#0003","Venusaur","Mega Venusaur","#519179"
"#0006","Charizard","Mega Charizard X","#228195"
"#0006","Charizard","Mega Charizard Y","#228195"
"#0009","Blastoise","Mega Blastoise","#8E7A6A"
"#0015","Beedrill","Mega Beedrill","#CAA666"
"#0018","Pidgeot","Mega Pidgeot","#B08C9A"
"#0065","Alakazam","Mega Alakazam","#5F4C59"
"#0080","Slowbro","Mega Slowbro","#D09FAA"
"#0094","Gengar","Mega Gengar","#E49C95"
"#0115","Kangaskhan","Mega Kangaskhan","#9A7E8F"
"#0127","Pinsir","Mega Pinsir","#A79DA6"
"#0130","Gyarados","Mega Gyarados","#5076AA"
"#0142","Aerodactyl","Mega Aerodactyl","#BF9F9B"
"#0150","Mewtwo","Mega Mewtwo X","#AFAAB5"
"#0150","Mewtwo","Mega Mewtwo Y","#AFAAB5"
"#0181","Ampharos","Mega Ampharos","#D6DD4A"
"#0208","Steelix","Mega Steelix","#5B5A78"
"#0212","Scizor","Mega Scizor","#AC544C"
"#0214","Heracross","Mega Heracross","#C5A57B"
"#0229","Houndoom","Mega Houndoom","#5B4E54"
"#0248","Tyranitar","Mega Tyranitar","#7B7C97"
"#0254","Sceptile","Mega Sceptile","#7EB082"
"#0257","Blaziken","Mega Blaziken","#DDC990"
"#0260","Swampert","Mega Swampert","#738BA6"
"#0282","Gardevoir","Mega Gardevoir","#656464"
"#0302","Sableye","Mega Sableye","#7B5F9E"
"#0303","Mawile","Mega Mawile","#866E7F"
"#0306","Aggron","Mega Aggron","#747474"
"#0308","Medicham","Mega Medicham","#C9B899"
"#0310","Manectric","Mega Manectric","#71A1B9"
"#0319","Sharpedo","Mega Sharpedo","#93566C"
"#0323","Camerupt","Mega Camerupt","#7A9ABE"
"#0334","Altaria","Mega Altaria","#69B8D5"
"#0354","Banette","Mega Banette","#8F8786"
"#0359","Absol","Mega Absol","#6E7B9B"
"#0362","Glalie","Mega Glalie","#555454"
"#0373","Salamence","Mega Salamence","#A7525E"
"#0376","Metagross","Mega Metagross","#999999"
"#0380","Latias","Mega Latias","#CE7D76"
"#0381","Latios","Mega Latios","#AEABAA"
"#0382","Kyogre","Primal Kyogre","#1979B0"
"#0383","Groudon","Primal Groudon","#7F7C98"
"#0384","Rayquaza","Mega Rayquaza","#9C5E67"
"#0428","Lopunny","Mega Lopunny","#9A6949"
"#0445","Garchomp","Mega Garchomp","#C8784A"
"#0448","Lucario","Mega Lucario","#746F69"
"#0460","Abomasnow","Mega Abomasnow","#63887E"
"#0475","Gallade","Mega Gallade","#3E8972"
"#0531","Audino","Mega Audino","#E4D0AE"
"#0650","Chespin"," ","#9A697A"
"#0651","Quilladin"," ","#7D5738"
"#0652","Chesnaught"," ","#70B77D"
"#0653","Fennekin"," ","#E8D678"
"#0654","Braixen"," ","#A3644E"
"#0655","Delphox"," ","#B05944"
"#0656","Froakie"," ","#CAC094"
"#0657","Frogadier"," ","#397BA5"
"#0658","Greninja"," ","#D17685"
"#0659","Bunnelby"," ","#7C6249"
"#0660","Diggersby"," ","#9A8665"
"#0661","Fletchling"," ","#9D7665"
"#0662","Fletchinder"," ","#8F6C5B"
"#0663","Talonflame"," ","#5E585F"
"#0664","Scatterbug"," ","#69686B"
"#0665","Spewpa"," ","#93847D"
"#0666","Vivillon"," ","#666057"
"#0667","Litleo"," ","#5D4A4D"
"#0668","Pyroar"," ","#48324D"
"#0669","Flabébé"," ","#D1AD77"
"#0670","Floette"," ","#81A564"
"#0671","Florges"," ","#3858A6"
"#0672","Skiddo"," ","#237480"
"#0673","Gogoat"," ","#18816A"
"#0674","Pancham"," ","#98907C"
"#0675","Pangoro"," ","#5C5D68"
"#0676","Furfrou"," ","#A2A99A"
"#0677","Espurr"," ","#A4A9B9"
"#0678","Meowstic","Male","#3C758F"
"#0678","Meowstic","Female","#3C758F"
"#0679","Honedge"," ","#857765"
"#0680","Doublade"," ","#58524B"
"#0681","Aegislash","Shield Forme","#8E799B"
"#0681","Aegislash","Blade Forme","#8E799B"
"#0682","Spritzee"," ","#CC8095"
"#0683","Aromatisse"," ","#C0799D"
"#0684","Swirlix"," ","#C899AE"
"#0685","Slurpuff"," ","#BB7388"
"#0686","Inkay"," ","#E4ABB1"
"#0687","Malamar"," ","#8978A5"
"#0688","Binacle"," ","#707997"
"#0689","Barbaracle"," ","#68728C"
"#0690","Skrelp"," ","#9E95C7"
"#0691","Dragalge"," ","#AC688B"
"#0692","Clauncher"," ","#88C8E7"
"#0693","Clawitzer"," ","#2F75AC"
"#0694","Helioptile"," ","#BEAB7C"
"#0695","Heliolisk"," ","#6D536F"
"#0696","Tyrunt"," ","#937893"
"#0697","Tyrantrum"," ","#896F8E"
"#0698","Amaura"," ","#C4BA86"
"#0699","Aurorus"," ","#675F76"
"#0700","Sylveon"," ","#83BDB4"
"#0701","Hawlucha"," ","#579080"
"#0702","Dedenne"," ","#B89963"
"#0703","Carbink"," ","#211E1E"
"#0704","Goomy"," ","#AA92AC"
"#0705","Sliggoo"," ","#92A876"
"#0706","Goodra"," ","#AC92AD"
"#0707","Klefki"," ","#AB9074"
"#0708","Phantump"," ","#404655"
"#0709","Trevenant"," ","#377A63"
"#0710","Pumpkaboo","Average Size","#6A6347"
"#0710","Pumpkaboo","Small Size","#6A6347"
"#0710","Pumpkaboo","Large Size","#6A6347"
"#0710","Pumpkaboo","Super Size","#6A6347"
"#0711","Gourgeist","Average Size","#D49276"
"#0711","Gourgeist","Small Size","#D49276"
"#0711","Gourgeist","Large Size","#D49276"
"#0711","Gourgeist","Super Size","#D49276"
"#0712","Bergmite"," ","#7F67A1"
"#0713","Avalugg"," ","#728DB3"
"#0714","Noibat"," ","#9B7FB0"
"#0715","Noivern"," ","#7E7B55"
"#0716","Xerneas"," ","#928161"
"#0717","Yveltal"," ","#BE564B"
"#0718","Zygarde50% Forme"," ","#4E4740"
"#0719","Diancie"," ","#878EA3"
"#0719","Diancie","Mega Diancie","#878EA3"
"#0720","Hoopa","Hoopa Confined","#A678B3"
"#0720","Hoopa","Hoopa Unbound","#A678B3"
"#0721","Volcanion"," ","#7A262C"
"#0019","Rattata","Alolan Rattata","#D0BEAA"
"#0020","Raticate","Alolan Raticate","#A28098"
"#0025","Pikachu","Partner Pikachu","#8C6476"
"#0026","Raichu","Alolan Raichu","#CBAD68"
"#0027","Sandshrew","Alolan Sandshrew","#3C5776"
"#0028","Sandslash","Alolan Sandslash","#939BAD"
"#0037","Vulpix","Alolan Vulpix","#C38263"
"#0038","Ninetales","Alolan Ninetales","#E8DDA2"
"#0050","Diglett","Alolan Diglett","#91919D"
"#0051","Dugtrio","Alolan Dugtrio","#8E8C97"
"#0052","Meowth","Alolan Meowth","#BAA785"
"#0053","Persian","Alolan Persian","#D7C5A5"
"#0074","Geodude","Alolan Geodude","#ACA89E"
"#0075","Graveler","Alolan Graveler","#6E777E"
"#0076","Golem","Alolan Golem","#947F8F"
"#0088","Grimer","Alolan Grimer","#342E2E"
"#0089","Muk","Alolan Muk","#2F2C2B"
"#0103","Exeggutor","Alolan Exeggutor","#B7AD97"
"#0105","Marowak","Alolan Marowak","#AEACB7"
"#0133","Eevee","Partner Eevee","#BF9960"
"#0658","Greninja","Ash-Greninja","#D17685"
"#0718","Zygarde10% Forme"," ","#4E4740"
"#0718","Zygarde","Complete Forme","#4E4740"
"#0722","Rowlet"," ","#2AA484"
"#0723","Dartrix"," ","#988265"
"#0724","Decidueye"," ","#0F8B6A"
"#0725","Litten"," ","#D86B43"
"#0726","Torracat"," ","#A87057"
"#0727","Incineroar"," ","#995F4E"
"#0728","Popplio"," ","#7BB5AF"
"#0729","Brionne"," ","#534F4E"
"#0730","Primarina"," ","#6797B6"
"#0731","Pikipek"," ","#716A5C"
"#0732","Trumbeak"," ","#947C6F"
"#0733","Toucannon"," ","#5D8EA0"
"#0734","Yungoos"," ","#CA8199"
"#0735","Gumshoos"," ","#876F5B"
"#0736","Grubbin"," ","#CB915B"
"#0737","Charjabug"," ","#699367"
"#0738","Vikavolt"," ","#BDA07A"
"#0739","Crabrawler"," ","#365596"
"#0740","Crabominable"," ","#6E7C9B"
"#0741","Oricorio","Baile Style","#5D453F"
"#0741","Oricorio","Pom-Pom Style","#5D453F"
"#0741","Oricorio","Pa'u Style","#5D453F"
"#0741","Oricorio","Sensu Style","#5D453F"
"#0742","Cutiefly"," ","#837872"
"#0743","Ribombee"," ","#B39C77"
"#0744","Rockruff"," ","#978479"
"#0744","Rockruff","Own Tempo Rockruff","#978479"
"#0745","Lycanroc","Midday Form","#A39388"
"#0745","Lycanroc","Midnight Form","#A39388"
"#0745","Lycanroc","Dusk Form","#A39388"
"#0746","Wishiwashi","Solo Form","#4B67AF"
"#0746","Wishiwashi","School Form","#4B67AF"
"#0747","Mareanie"," ","#86C3C5"
"#0748","Toxapex"," ","#7193A7"
"#0749","Mudbray"," ","#AB8576"
"#0750","Mudsdale"," ","#955E4F"
"#0751","Dewpider"," ","#849738"
"#0752","Araquanid"," ","#A7B43F"
"#0753","Fomantis"," ","#6EAD8A"
"#0754","Lurantis"," ","#9BA078"
"#0755","Morelull"," ","#A98BAD"
"#0756","Shiinotic"," ","#9EAF76"
"#0757","Salandit"," ","#5D4F4B"
"#0758","Salazzle"," ","#615D5C"
"#0759","Stufful"," ","#503A2C"
"#0760","Bewear"," ","#403B39"
"#0761","Bounsweet"," ","#C45E81"
"#0762","Steenee"," ","#91B674"
"#0763","Tsareena"," ","#8EB26E"
"#0764","Comfey"," ","#965E9D"
"#0765","Oranguru"," ","#9A9478"
"#0766","Passimian"," ","#737361"
"#0767","Wimpod"," ","#7E6381"
"#0768","Golisopod"," ","#806C75"
"#0769","Sandygast"," ","#AA5C57"
"#0770","Palossand"," ","#F4C588"
"#0771","Pyukumuku"," ","#BE5C84"
"#0772","Type: Null"," ","#71757F"
"#0773","Silvally"," ","#798694"
"#0774","Minior","Meteor Form","#816B68"
"#0774","Minior","Core Form","#816B68"
"#0775","Komala"," ","#9D8774"
"#0776","Turtonator"," ","#D4575D"
"#0777","Togedemaru"," ","#BABCBD"
"#0778","Mimikyu"," ","#A79B7C"
"#0779","Bruxish"," ","#6FCD73"
"#0780","Drampa"," ","#B1B18F"
"#0781","Dhelmise"," ","#313F69"
"#0782","Jangmo-o"," ","#D3D38C"
"#0783","Hakamo-o"," ","#8E8684"
"#0784","Kommo-o"," ","#8E837D"
"#0785","Tapu Koko"," ","#67764B"
"#0786","Tapu Lele"," ","#B46E80"
"#0787","Tapu Bulu"," ","#424D57"
"#0788","Tapu Fini"," ","#6F6694"
"#0789","Cosmog"," ","#2985A9"
"#0790","Cosmoem"," ","#B6A46C"
"#0791","Solgaleo"," ","#566669"
"#0792","Lunala"," ","#C0C17F"
"#0793","Nihilego"," ","#8CA7C3"
"#0794","Buzzwole"," ","#D84454"
"#0795","Pheromosa"," ","#A9926C"
"#0796","Xurkitree"," ","#849D9B"
"#0797","Celesteela"," ","#487772"
"#0798","Kartana"," ","#B28344"
"#0799","Guzzlord"," ","#D9BB5A"
"#0800","Necrozma"," ","#272528"
"#0800","Necrozma","Dusk Mane Necrozma","#272528"
"#0800","Necrozma","Dawn Wings Necrozma","#272528"
"#0800","Necrozma","Ultra Necrozma","#272528"
"#0801","Magearna"," ","#9B8D84"
"#0802","Marshadow"," ","#5C5F68"
"#0803","Poipole"," ","#57458E"
"#0804","Naganadel"," ","#56428E"
"#0805","Stakataka"," ","#475D5D"
"#0806","Blacephalon"," ","#B9A78C"
"#0807","Zeraora"," ","#5C5B67"
"#0808","Meltan"," ","#9B9B9C"
"#0809","Melmetal"," ","#757275"
"#0052","Meowth","Galarian Meowth","#BAA785"
"#0058","Growlithe","Hisuian Growlithe","#434A53"
"#0059","Arcanine","Hisuian Arcanine","#3A454E"
"#0077","Ponyta","Galarian Ponyta","#702534"
"#0078","Rapidash","Galarian Rapidash","#824A42"
"#0079","Slowpoke","Galarian Slowpoke","#C4B8A3"
"#0080","Slowbro","Galarian Slowbro","#D09FAA"
"#0083","Farfetch'd","Galarian Farfetch'd","#B39E82"
"#0100","Voltorb","Hisuian Voltorb","#E39E99"
"#0101","Electrode","Hisuian Electrode","#AF7C86"
"#0110","Weezing","Galarian Weezing","#B9B39F"
"#0122","Mr. Mime","Galarian Mr. Mime","#CD8292"
"#0144","Articuno","Galarian Articuno","#5E98C1"
"#0145","Zapdos","Galarian Zapdos","#D9BB6F"
"#0146","Moltres","Galarian Moltres","#81564E"
"#0157","Typhlosion","Hisuian Typhlosion","#444B62"
"#0199","Slowking","Galarian Slowking","#D4A493"
"#0211","Qwilfish","Hisuian Qwilfish","#C1C991"
"#0215","Sneasel","Hisuian Sneasel","#449288"
"#0222","Corsola","Galarian Corsola","#8EAEA4"
"#0263","Zigzagoon","Galarian Zigzagoon","#AC9F92"
"#0264","Linoone","Galarian Linoone","#B2A398"
"#0483","Dialga","Origin Forme","#586580"
"#0484","Palkia","Origin Forme","#A09997"
"#0503","Samurott","Hisuian Samurott","#49729B"
"#0549","Lilligant","Hisuian Lilligant","#C39258"
"#0550","Basculin","White-Striped Form","#A39480"
"#0554","Darumaka","Galarian Darumaka","#D9DD67"
"#0555","Darmanitan","Galarian Standard Mode","#818082"
"#0555","Darmanitan","Galarian Zen Mode","#818082"
"#0562","Yamask","Galarian Yamask","#796762"
"#0570","Zorua","Hisuian Zorua","#596076"
"#0571","Zoroark","Hisuian Zoroark","#484352"
"#0618","Stunfisk","Galarian Stunfisk","#EFDE71"
"#0628","Braviary","Hisuian Braviary","#915947"
"#0705","Sliggoo","Hisuian Sliggoo","#92A876"
"#0706","Goodra","Hisuian Goodra","#AC92AD"
"#0713","Avalugg","Hisuian Avalugg","#728DB3"
"#0724","Decidueye","Hisuian Decidueye","#0F8B6A"
"#0810","Grookey"," ","#B3864B"
"#0811","Thwackey"," ","#7F5A45"
"#0812","Rillaboom"," ","#747843"
"#0813","Scorbunny"," ","#C1784B"
"#0814","Raboot"," ","#B36C4E"
"#0815","Cinderace"," ","#B46B3F"
"#0816","Sobble"," ","#DCC661"
"#0817","Drizzile"," ","#A2B170"
"#0818","Inteleon"," ","#837665"
"#0819","Skwovet"," ","#6B615A"
"#0820","Greedent"," ","#674046"
"#0821","Rookidee"," ","#455A8D"
"#0822","Corvisquire"," ","#435E79"
"#0823","Corviknight"," ","#3D3E65"
"#0824","Blipbug"," ","#C2A986"
"#0825","Dottler"," ","#BF9A47"
"#0826","Orbeetle"," ","#B25B48"
"#0827","Nickit"," ","#7B5466"
"#0828","Thievul"," ","#876476"
"#0829","Gossifleur"," ","#D3E452"
"#0830","Eldegoss"," ","#9BA13C"
"#0831","Wooloo"," ","#83747C"
"#0832","Dubwool"," ","#625F6C"
"#0833","Chewtle"," ","#7996A8"
"#0834","Drednaw"," ","#468C86"
"#0835","Yamper"," ","#7D3E43"
"#0836","Boltund"," ","#BFB166"
"#0837","Rolycoly"," ","#3C3635"
"#0838","Carkol"," ","#2D2D30"
"#0839","Coalossal"," ","#535148"
"#0840","Applin"," ","#C04253"
"#0841","Flapple"," ","#AB985F"
"#0842","Appletun"," ","#B15358"
"#0843","Silicobra"," ","#8A805D"
"#0844","Sandaconda"," ","#6C5C47"
"#0845","Cramorant"," ","#2861A2"
"#0846","Arrokuda"," ","#91806A"
"#0847","Barraskewda"," ","#A4A16E"
"#0848","Toxel"," ","#966DA4"
"#0849","Toxtricity","Amped Form","#3A3952"
"#0849","Toxtricity","Low Key Form","#3A3952"
"#0850","Sizzlipede"," ","#7D353C"
"#0851","Centiskorch"," ","#B9492B"
"#0852","Clobbopus"," ","#D18E6F"
"#0853","Grapploct"," ","#A2964D"
"#0854","Sinistea"," ","#5E62A8"
"#0855","Polteageist"," ","#86CA8E"
"#0856","Hatenna"," ","#9EB8C6"
"#0857","Hattrem"," ","#A1BDCD"
"#0858","Hatterene"," ","#8FACBE"
"#0859","Impidimp"," ","#685046"
"#0860","Morgrem"," ","#953F8F"
"#0861","Grimmsnarl"," ","#474739"
"#0862","Obstagoon"," ","#676D6F"
"#0863","Perrserker"," ","#788072"
"#0864","Cursola"," ","#989694"
"#0865","Sirfetch'd"," ","#B1A977"
"#0866","Mr. Rime"," ","#5B5071"
"#0867","Runerigus"," ","#606B72"
"#0868","Milcery"," ","#BAA983"
"#0869","Alcremie"," ","#E5A9B5"
"#0870","Falinks"," ","#912A31"
"#0871","Pincurchin"," ","#4E3E4F"
"#0872","Snom"," ","#7899CD"
"#0873","Frosmoth"," ","#657CB6"
"#0874","Stonjourner"," ","#9D918C"
"#0875","Eiscue","Ice Face","#5D644C"
"#0875","Eiscue","Noice Face","#5D644C"
"#0876","Indeedee","Male","#776A65"
"#0876","Indeedee","Female","#776A65"
"#0877","Morpeko","Full Belly Mode","#90876B"
"#0877","Morpeko","Hangry Mode","#90876B"
"#0878","Cufant"," ","#295F6F"
"#0879","Copperajah"," ","#0E5A58"
"#0880","Dracozolt"," ","#214261"
"#0881","Arctozolt"," ","#8D8250"
"#0882","Dracovish"," ","#A64A54"
"#0883","Arctovish"," ","#3B3937"
"#0884","Duraludon"," ","#B0ABA8"
"#0885","Dreepy"," ","#73A09B"
"#0886","Drakloak"," ","#748DA1"
"#0887","Dragapult"," ","#8B8079"
"#0888","Zacian","Hero of Many Battles","#9F7160"
"#0888","Zacian","Crowned Sword","#9F7160"
"#0889","Zamazenta","Hero of Many Battles","#8C363A"
"#0889","Zamazenta","Crowned Shield","#8C363A"
"#0890","Eternatus"," ","#BC227D"
"#0890","Eternatus","Eternamax","#BC227D"
"#0891","Kubfu"," ","#67676D"
"#0892","Urshifu","Single Strike Style","#494C3E"
"#0892","Urshifu","Rapid Strike Style","#494C3E"
"#0893","Zarude"," ","#575B3F"
"#0894","Regieleki"," ","#989E47"
"#0895","Regidrago"," ","#354F4F"
"#0896","Glastrier"," ","#ABC5D3"
"#0897","Spectrier"," ","#6B6968"
"#0898","Calyrex"," ","#235F2A"
"#0898","Calyrex","Ice Rider","#235F2A"
"#0898","Calyrex","Shadow Rider","#235F2A"
"#0899","Wyrdeer"," ","#5F5E68"
"#0900","Kleavor"," ","#3C3134"
"#0901","Ursaluna"," ","#9E7B94"
"#0902","Basculegion","Male","#6F826A"
"#0902","Basculegion","Female","#6F826A"
"#0903","Sneasler"," ","#6D6E9E"
"#0904","Overqwil"," ","#AFA898"
"#0905","Enamorus","Incarnate Forme","#AE5D83"
"#0905","Enamorus","Therian Forme","#AE5D83"
"#0128","Tauros","Combat Breed","#A68565"
"#0128","Tauros","Blaze Breed","#A68565"
"#0128","Tauros","Aqua Breed","#A68565"
"#0194","Wooper","Paldean Wooper","#B18C9B"
"#0906","Sprigatito"," ","#31302E"
"#0907","Floragato"," ","#2A5D44"
"#0908","Meowscarada"," ","#9679A2"
"#0909","Fuecoco"," ","#514A5E"
"#0910","Crocalor"," ","#CB623F"
"#0911","Skeledirge"," ","#74506D"
"#0912","Quaxly"," ","#65B7CC"
"#0913","Quaxwell"," ","#3172B2"
"#0914","Quaquaval"," ","#4F76AB"
"#0915","Lechonk"," ","#D8859A"
"#0916","Oinkologne","Male","#916359"
"#0916","Oinkologne","Female","#916359"
"#0917","Tarountula"," ","#99888B"
"#0918","Spidops"," ","#838241"
"#0919","Nymble"," ","#66667F"
"#0920","Lokix"," ","#645C59"
"#0921","Pawmi"," ","#05736C"
"#0922","Pawmo"," ","#2A4D79"
"#0923","Pawmot"," ","#D9B13D"
"#0924","Tandemaus"," ","#A9B1B0"
"#0925","Maushold","Family of Four","#665E59"
"#0925","Maushold","Family of Three","#665E59"
"#0926","Fidough"," ","#E9D664"
"#0927","Dachsbun"," ","#7A503C"
"#0928","Smoliv"," ","#BEC664"
"#0929","Dolliv"," ","#D1D67B"
"#0930","Arboliva"," ","#532A48"
"#0931","Squawkabilly","Green Plumage","#474751"
"#0931","Squawkabilly","Blue Plumage","#474751"
"#0931","Squawkabilly","Yellow Plumage","#474751"
"#0931","Squawkabilly","White Plumage","#474751"
"#0932","Nacli"," ","#A18379"
"#0933","Naclstack"," ","#86736D"
"#0934","Garganacl"," ","#887B78"
"#0935","Charcadet"," ","#4D3762"
"#0936","Armarouge"," ","#C87A2E"
"#0937","Ceruledge"," ","#B189BC"
"#0938","Tadbulb"," ","#EEE439"
"#0939","Bellibolt"," ","#249A85"
"#0940","Wattrel"," ","#5C5C6C"
"#0941","Kilowattrel"," ","#37343E"
"#0942","Maschiff"," ","#513F4B"
"#0943","Mabosstiff"," ","#807768"
"#0944","Shroodle"," ","#4C413B"
"#0945","Grafaiai"," ","#8E837B"
"#0946","Bramblin"," ","#CAAB76"
"#0947","Brambleghast"," ","#846989"
"#0948","Toedscool"," ","#B6AA8A"
"#0949","Toedscruel"," ","#252427"
"#0950","Klawf"," ","#A9895F"
"#0951","Capsakid"," ","#7CAB77"
"#0952","Scovillain"," ","#407752"
"#0953","Rellor"," ","#7B6847"
"#0954","Rabsca"," ","#645C57"
"#0955","Flittle"," ","#E1D67E"
"#0956","Espathra"," ","#9D87AC"
"#0957","Tinkatink"," ","#C268A6"
"#0958","Tinkatuff"," ","#413B37"
"#0959","Tinkaton"," ","#47403C"
"#0960","Wiglett"," ","#5E5854"
"#0961","Wugtrio"," ","#54646F"
"#0962","Bombirdier"," ","#8A7789"
"#0963","Finizen"," ","#74ACB5"
"#0964","Palafin","Zero Form","#74ABB5"
"#0964","Palafin","Hero Form","#74ABB5"
"#0965","Varoom"," ","#9C9C96"
"#0966","Revavroom"," ","#AAABA5"
"#0967","Cyclizar"," ","#658169"
"#0968","Orthworm"," ","#8E5850"
"#0969","Glimmet"," ","#8484BD"
"#0970","Glimmora"," ","#487F8E"
"#0971","Greavard"," ","#8D5F56"
"#0972","Houndstone"," ","#9999B4"
"#0973","Flamigo"," ","#8E8986"
"#0974","Cetoddle"," ","#81626D"
"#0975","Cetitan"," ","#A19AAB"
"#0976","Veluza"," ","#6F6862"
"#0977","Dondozo"," ","#6B6867"
"#0978","Tatsugiri","Curly Form","#E28D55"
"#0978","Tatsugiri","Droopy Form","#E28D55"
"#0978","Tatsugiri","Stretchy Form","#E28D55"
"#0979","Annihilape"," ","#7B7D8E"
"#0980","Clodsire"," ","#705E5C"
"#0981","Farigiraf"," ","#7D5D44"
"#0982","Dudunsparce","Two-Segment Form","#327089"
"#0982","Dudunsparce","Three-Segment Form","#327089"
"#0983","Kingambit"," ","#92867D"
"#0984","Great Tusk"," ","#BA4168"
"#0985","Scream Tail"," ","#3F5A3E"
"#0986","Brute Bonnet"," ","#7C7359"
"#0987","Flutter Mane"," ","#47598D"
"#0988","Slither Wing"," ","#6C554A"
"#0989","Sandy Shocks"," ","#6A6D7B"
"#0990","Iron Treads"," ","#6F5B53"
"#0991","Iron Bundle"," ","#6D5348"
"#0992","Iron Hands"," ","#3F4560"
"#0993","Iron Jugulis"," ","#323F54"
"#0994","Iron Moth"," ","#DC592B"
"#0995","Iron Thorns"," ","#4A7F66"
"#0996","Frigibax"," ","#7B7985"
"#0997","Arctibax"," ","#C4903C"
"#0998","Baxcalibur"," ","#70534E"
"#0999","Gimmighoul","Chest Form","#6A4A75"
"#0999","Gimmighoul","Roaming Form","#6A4A75"
"#1000","Gholdengo"," ","#D8B13E"
"#1001","Wo-Chien"," ","#596759"
"#1002","Chien-Pao"," ","#2B2B3A"
"#1003","Ting-Lu"," ","#395758"
"#1004","Chi-Yu"," ","#5A0B10"
"#1005","Roaring Moon"," ","#527E68"
"#1006","Iron Valiant"," ","#D24C8D"
"#1007","Koraidon"," ","#BD655A"
"#1008","Miraidon"," ","#5B5B9D"
"#1009","Walking Wake"," ","#5E9B85"
"#1010","Iron Leaves"," ","#5C8E54"
